origin_dist,gene_length,replichore
400,929,0
616,890,1
1333,992,0
1606,965,1
2291,1427,0
3116,1505,1
3543,419,1
3741,692,0
5578,1868,1
7297,1496,1
8742,1451,1
9739,992,1
10233,839,0
10349,458,1
10882,443,1
11191,338,0
11554,1520,0
13150,1889,1
13427,98,0
13665,1646,0
13837,623,1
14834,380,1
15308,263,0
15591,929,0
15658,815,1
15944,239,1
16476,470,1
16585,1850,0
17024,533,1
18438,1544,0
18578,1541,1
19492,863,1
20034,893,0
20901,1382,1
21077,1475,0
21341,419,1
21492,179,1
22598,281,0
23031,449,0
23062,1370,1
23697,2021,0
25053,1829,1
25765,1484,0
25927,572,1
26706,731,1
27255,122,0
27383,1265,0
28779,329,0
29249,101,0
29253,2522,1
29435,1259,0
30337,1073,1
30704,218,0
30934,1103,0
31625,1040,1
32049,1046,0
32671,959,1
33151,1130,0
33561,890,1
34278,1262,0
34425,773,1
35165,725,1
35540,1967,0
36287,836,1
37485,674,0
38164,1130,0
38298,1877,1
39296,1250,0
39711,1394,1
40543,1079,0
41413,1616,1
41619,1352,0
42609,1169,1
42974,740,0
43346,722,1
43905,1385,0
43995,587,1
44517,473,1
45249,665,1
45976,1235,0
46753,1337,1
47373,566,1
48135,1196,0
48144,749,1
49260,959,1
49334,1187,0
50410,1175,1
50543,740,0
51280,941,0
51789,1247,1
52374,206,0
52608,2546,0
53295,1415,1
53590,74,1
55194,320,0
55197,1364,1
55494,296,0
55977,203,0
56217,824,0
56949,1646,1
57038,707,0
57209,257,1
57532,359,1
57689,140,1
57742,896,0
58002,200,1
58638,716,0
59438,2162,0
59699,1403,1
60804,1100,1
61747,764,0
61877,1073,1
62881,950,0
63885,479,0
64320,2414,1
64361,848,0
64958,407,1
65345,197,0
65567,278,0
65885,812,1
66171,299,0
66517,887,0
66585,656,1
67456,467,0
67552,689,1
68088,869,0
68427,878,1
69028,617,1
69090,1829,0
70173,1148,1
70983,620,0
71585,1292,1
71665,620,0
72397,1022,0
72646,1064,1
73427,800,0
73961,1247,1
74295,332,1
74303,899,0
75014,413,1
75090,953,0
75554,428,1
76166,2261,0
77412,1661,1
78125,716,1
78467,815,0
79544,761,0
80037,1616,1
80445,1427,0
80851,814,1
81741,893,1
81967,755,0
82736,605,0
83338,1640,0
83623,1715,1
85057,269,0
85113,1493,1
85330,515,0
85609,449,1
85848,776,0
86066,347,1
86418,362,1
86666,782,0
86912,497,1
87445,488,0
88100,1493,0
88104,1184,1
88428,284,1
88612,89,1
88722,113,1
88903,158,1
89190,290,1
89275,98,1
89639,701,0
90532,1163,0
91069,1688,1
91363,290,1
91705,2189,0
92028,590,1
93530,1502,1
94084,1331,0
94859,1319,1
95415,614,0
96068,1451,0
96388,1391,1
97531,545,0
98199,1766,1
99708,1334,1
100213,452,1
100425,191,1
101614,1190,1
101948,293,1
102173,188,1
102988,818,1
103564,527,0
103915,923,1
104073,584,0
104727,269,0
105073,986,0
105210,1184,1
105738,146,1
106076,626,0
106857,1430,0
107616,1382,1
108328,932,0
109380,242,0
109624,2786,0
109944,2318,1
111706,1709,1
112792,632,0
113218,1391,1
114006,509,0
114703,1205,1
114704,1373,0
115572,518,1
116267,110,0
116489,1409,0
117638,2081,1
117910,1049,0
118333,689,1
119133,1409,0
120448,2108,1
120670,152,0
120742,275,1
120915,1823,0
121420,623,1
122955,710,0
123360,1682,1
123673,980,0
123974,617,1
124755,1265,0
125090,824,1
125980,188,0
126131,788,0
126174,863,1
126369,182,1
126959,896,0
127017,716,1
127724,641,1
128028,878,0
128357,596,1
128919,455,1
128931,887,0
129851,1010,0
130120,1220,1
130931,1433,0
130960,668,1
131413,236,1
131601,167,1
132463,1349,0
132508,809,1
133026,479,1
133802,887,0
134311,1277,1
134830,599,0
135423,872,0
135782,1058,1
136292,437,0
136726,989,0
136903,1124,1
137693,797,1
137779,908,0
138725,1016,1
139005,221,0
139227,290,0
139614,205,0
139737,995,1
140109,212,0
140439,692,1
140565,218,0
141113,929,0
141493,1028,1
142039,635,0
142558,983,1
142671,902,0
143586,2414,0
143857,1253,1
144898,971,1
145948,1046,1
146049,587,0
146640,254,0
146830,833,0
146890,932,1
147816,1040,0
148300,1196,1
148906,1748,0
149335,1025,1
150608,1034,1
150654,1070,0
151554,959,1
151714,1451,0
152841,1283,1
153176,446,0
153935,314,0
154259,824,0
154395,1544,1
154616,197,1
155071,431,1
155258,1259,0
155463,251,1
155993,467,1
156514,1469,0
157012,1019,1
157913,821,1
158271,836,0
158439,473,1
159091,938,0
159825,1190,1
160026,1034,0
160598,776,1
161345,620,0
162140,107,0
162225,983,0
162253,1655,1
163357,674,0
164137,1373,0
165507,698,0
166355,500,0
167005,902,0
167472,4850,1
168088,962,0
168097,581,1
168656,92,1
169104,362,1
169370,989,0
169598,209,1
170197,587,1
170466,755,0
171276,767,0
171345,1148,1
172059,95,0
172151,599,0
172851,440,0
173488,1913,1
173503,299,0
173829,428,0
174262,746,0
174387,362,1
175105,1010,0
175526,1136,1
176251,1508,0
176423,437,1
176805,293,1
176948,158,1
177111,179,1
177591,461,1
177782,845,0
178541,938,1
179053,245,0
179260,671,1
179383,485,0
179919,383,1
179961,926,0
180954,1331,0
182295,530,0
182918,959,0
183969,1025,0
184126,4235,1
184963,608,1
185150,2198,0
186452,1391,1
187551,212,0
187923,4184,0
188293,1844,1
189634,1151,1
191337,1538,1
191768,212,1
192109,323,0
192205,323,1
192519,675,0
193117,293,0
193339,608,0
193347,1136,1
194131,317,0
194318,974,1
194497,89,0
194725,1160,0
195182,740,1
195888,2432,0
197282,1970,1
198669,890,0
198693,1400,1
199734,815,1
199888,2180,0
200461,695,1
201315,860,1
201970,662,1
202162,905,0
203094,617,0
203463,1496,1
203830,1103,0
204453,986,1
204944,662,0
205618,2501,0
205743,1277,1
206219,473,1
206804,467,1
207814,998,1
208428,1079,0
208863,848,1
209438,473,1
209522,320,0
209893,2297,0
210843,1253,1
212156,878,0
213036,341,0
213051,2030,1
213364,851,0
214195,824,1
214364,1733,0
215569,1178,1
216280,2651,0
216828,1181,1
218347,1541,1
219283,1151,0
219417,992,1
220588,1004,0
221105,1322,1
221600,776,0
222437,1373,0
222631,1454,1
223141,341,1
223624,437,1
224076,917,0
224661,995,1
224976,1400,0
225135,299,1
226141,911,1
226484,119,0
226710,647,0
227357,359,0
227756,1100,0
228220,2069,1
228698,152,1
229098,212,1
229225,1844,0
229669,290,1
230813,710,1
231014,857,0
231837,974,1
232600,659,1
235086,2333,1
235495,440,1
236055,563,1
236911,698,1
237146,179,1
237557,1028,0
238348,1208,1
238582,965,0
239576,950,0
240363,1691,1
240509,194,0
240713,155,0
241444,1184,0
242858,383,0
243050,1607,1
243183,143,1
243243,545,0
243947,428,0
244220,1019,1
244379,704,0
245132,902,1
245271,209,0
245496,497,0
246060,365,0
246126,983,1
246745,4028,0
247127,1004,1
248428,1271,1
248739,161,1
248891,155,1
249011,107,1
249324,308,1
249494,197,1
249807,368,1
249977,197,1
250850,4223,0
251743,1679,1
251931,191,1
253499,1571,1
253960,188,1
254724,752,1
255286,539,0
256235,1133,0
257339,2618,1
257365,770,0
258137,200,0
258321,755,0
259069,635,0
259689,2339,1
259704,1895,0
260802,1106,1
261832,476,0
262403,773,0
263216,1064,0
264257,3473,1
264290,671,0
265004,590,0
265781,272,0
266066,695,0
266327,1988,1
266584,176,1
266763,425,0
267191,128,0
267426,1376,0
267796,1286,1
267957,252,1
268799,1325,0
269513,1496,1
270121,1289,0
270538,929,1
270801,179,1
271422,1589,0
271537,767,1
272965,185,0
273667,2060,1
275223,1322,1
276647,1013,1
277595,899,1
278717,602,1
278752,443,0
279352,929,0
280417,1649,1
280550,1601,0
282181,1304,0
282219,1397,1
283766,1736,0
283830,1400,1
285024,824,1
285471,1574,0
286120,728,1
286546,281,1
287362,824,0
288386,3683,0
289596,3113,1
290778,1157,1
291116,278,1
291644,527,1
292289,1631,0
293015,572,1
293602,332,1
294011,689,0
294044,326,1
294755,647,1
294912,872,0
295327,530,1
295442,176,1
295785,272,0
296049,566,1
296587,1127,0
297518,1222,1
297720,791,0
298547,926,0
299122,1025,1
299513,296,1
299618,1349,0
300072,425,1
300991,301,0
301289,203,0
301374,1289,1
301492,1649,0
301781,353,1
302499,179,1
302604,83,1
303496,242,0
303852,638,0
304010,1352,1
304487,737,0
304924,842,1
305224,2096,0
307169,2042,1
307367,278,0
307860,410,0
307929,752,1
308314,1475,0
309447,1469,1
309581,179,1
309948,210,0
310161,890,0
310199,434,1
310925,335,1
311066,1544,0
312495,1499,1
312764,1190,0
313929,1202,1
314047,95,0
314319,1115,0
315297,1052,1
315506,1340,0
315662,182,1
317089,920,0
317288,1376,1
318238,194,0
318523,1295,0
319172,1622,1
319935,92,0
320041,497,0
320551,872,0
320605,1067,1
321578,2423,0
323337,2735,1
324172,368,0
324461,1124,1
324650,608,0
324795,275,1
325151,359,1
325277,1379,0
325672,401,1
326484,806,1
326772,209,0
327023,515,0
327245,764,1
327856,254,0
328078,833,1
328134,707,0
329019,944,1
329205,1037,0
330376,242,0
330593,1574,1
330784,983,0
331291,587,1
331850,1415,0
332395,1049,1
333318,1079,0
333744,1217,1
334305,557,1
334650,1193,0
335043,665,1
335509,245,1
336065,542,0
336970,713,0
337794,416,0
337809,2198,1
338214,356,0
338509,626,1
338605,2822,0
339009,359,1
339281,269,1
339867,596,1
341510,1493,1
341681,536,0
342181,668,1
342316,281,0
342556,146,0
343027,1586,0
343232,1058,1
344331,854,1
344616,323,0
345025,464,0
345476,266,0
345705,1103,1
345780,218,0
345937,197,0
346035,1349,0
346121,266,1
346655,527,1
347035,383,1
347307,137,1
347535,1649,0
348568,1109,1
349338,1292,0
349542,926,1
350808,1649,0
350816,1277,1
351580,767,1
352295,713,1
352454,314,0
352968,1958,0
354007,1316,1
354992,887,1
355037,185,0
355318,1436,0
355834,845,1
356799,566,0
356906,1070,1
357362,671,0
357646,743,1
358030,956,0
358073,440,1
359066,1658,0
359935,1742,1
360257,284,1
360685,110,1
360717,383,0
361097,596,0
361201,494,1
361930,191,0
362035,1313,0
362376,1178,1
363101,488,1
363399,183,1
363426,689,0
364209,2147,0
364470,1037,1
365288,695,1
366507,995,1
366554,1466,0
367173,527,1
368017,2051,0
368517,1340,1
369167,593,1
370068,1031,0
370463,1103,1
371118,275,0
371602,1985,0
372922,2186,1
373840,317,0
374226,329,0
374702,758,0
374892,1973,1
375462,434,0
375883,557,0
376205,1295,1
376440,1136,0
377573,680,0
377638,1433,1
378364,758,0
379119,845,0
379957,1064,0
380104,2447,1
381021,584,0
381602,452,0
381737,1517,1
382055,725,0
382463,710,1
382801,779,0
383233,767,1
383686,1016,0
383841,605,1
384727,788,0
385398,1505,1
385648,443,0
385914,326,1
386251,335,0
386558,212,0
386789,830,1
386988,2228,0
387564,758,1
389144,1598,1
389213,878,0
390355,1502,0
390559,1226,1
391579,1016,1
391969,89,0
392034,1091,0
393135,668,0
393800,1643,0
394327,2705,1
395547,1337,0
397021,761,0
397332,2393,1
398107,2267,0
399426,2084,1
400573,908,0
400787,1316,1
401480,194,0
401723,575,1
401764,1355,0
402465,683,1
403222,1421,0
403273,770,1
404180,878,1
404380,227,1
404619,236,1
404782,629,0
405534,1646,0
406940,2321,1
407184,227,1
407258,1340,0
407418,227,1
409064,128,0
409169,719,0
409885,1631,0
409943,2321,1
410552,512,1
410654,185,1
411463,719,1
411697,230,0
411939,272,0
412298,215,0
412438,296,0
412762,173,0
412812,1352,1
413054,1517,0
413139,296,1
413515,317,1
414808,1457,0
415254,1622,1
415557,131,1
416324,2147,0
417356,1724,1
418297,878,1
418551,1334,0
418723,401,1
419402,668,1
420115,245,0
420251,1538,0
421602,2135,1
422076,218,0
422482,560,1
422588,575,0
423200,1697,0
424873,338,0
425199,2552,1
425327,1301,0
426098,779,1
426637,539,1
426746,1436,0
427061,440,1
427455,404,1
428519,476,0
428605,1238,1
428811,179,1
429011,1256,0
429527,521,1
430543,293,0
430672,1088,1
430880,1646,0
432050,1286,1
432664,353,0
432993,836,1
433048,230,0
433270,980,0
433688,677,1
434439,758,1
434499,869,0
435436,1004,1
435758,1028,0
436610,905,1
436828,566,0
436989,362,1
437446,125,0
437682,146,0
438010,317,0
438236,1163,1
438324,533,0
438946,1133,0
439462,1226,1
440142,359,0
440337,878,1
440512,395,0
440701,353,1
440918,734,0
441645,1808,0
442017,1304,1
443114,1085,1
443778,977,0
443997,731,1
444882,785,1
444974,1502,0
445709,830,1
445796,133,1
446627,3323,0
446781,1022,1
448190,1388,1
448601,167,1
449972,968,0
450229,1373,1
451037,1052,0
451054,806,1
451507,326,1
452184,545,0
453509,1139,0
454047,2543,1
454647,1547,0
455490,1181,1
456166,461,0
456333,572,1
456605,167,1
456646,1337,0
457197,602,1
457792,563,1
457993,1847,0
459098,1220,1
459833,950,0
460869,308,0
461253,1280,0
461267,2102,1
461938,632,1
462160,215,1
462619,1259,0
462644,404,1
463568,869,1
463840,218,1
463881,1004,0
464856,1022,1
464967,197,0
465268,1298,0
466769,1913,1
466771,425,0
466979,188,1
467235,2441,0
467451,554,1
469256,1805,1
469466,200,1
469857,731,0
470151,590,1
470418,218,1
470715,401,0
471135,698,0
471451,812,1
471884,659,0
472340,722,1
472561,398,0
472726,386,1
472969,638,0
473085,359,1
473380,287,1
473610,1163,0
473880,374,1
474447,470,1
474857,1625,0
476599,275,0
476658,2114,1
477023,329,0
477534,749,0
477913,1184,1
478155,140,1
478280,755,0
478290,194,1
478839,476,1
479143,1064,0
479303,467,1
479553,161,1
479993,311,1
480562,1397,0
480655,629,1
481271,605,1
481570,302,1
481975,305,0
482290,464,0
482409,821,1
482704,278,1
482768,650,0
483051,332,1
483428,854,0
483770,701,1
484193,410,1
484282,686,0
484384,191,1
484638,254,1
485097,275,0
485174,371,1
485499,314,1
485699,395,0
486053,539,1
486101,314,0
486373,305,1
486420,227,0
486689,449,0
486799,392,1
487250,971,0
487345,533,1
487708,353,1
488226,503,1
488274,1301,0
488409,179,1
488847,434,1
489618,476,0
490115,2081,0
490186,1331,1
490334,116,1
490837,356,1
491243,389,1
491897,620,1
492193,1541,0
492912,989,1
493336,383,1
493744,776,0
493811,368,1
494247,425,1
494521,218,1
494530,842,0
494928,410,1
495382,791,0
496383,638,0
496434,1376,1
497022,629,0
497745,1289,1
497870,620,0
498738,947,1
498799,1412,0
499262,509,1
500256,662,0
500516,1124,1
500961,473,1
501026,965,0
501532,542,1
502099,860,0
502109,572,1
502932,818,1
503048,380,0
503186,257,1
503557,1943,0
503932,770,1
505690,740,0
506420,557,0
507302,206,0
507570,1343,0
509236,638,0
509931,179,0
510080,1733,0
510435,758,1
511546,1103,1
511810,3779,0
512737,1181,1
513830,1025,1
514035,176,1
514351,284,1
514482,221,1
515592,341,0
516146,251,0
516391,350,0
516821,530,0
517661,956,0
517839,3104,1
518927,1502,0
519008,1157,1
519230,233,1
520070,662,1
520252,179,1
520440,1025,0
521220,884,1
521452,995,0
521602,296,1
522480,998,0
522593,965,1
523654,1373,0
523803,881,1
525178,551,0
525266,1451,1
525498,242,1
525823,1352,0
526956,1349,1
527358,386,0
527437,470,1
527598,188,1
527789,464,0
528412,2138,0
529389,974,1
530944,1655,0
531481,1940,1
531678,188,1
531808,182,1
532649,1421,0
532829,1043,1
533998,1103,1
534189,947,0
534486,488,1
535088,593,1
535515,2696,0
536547,1469,1
538256,455,0
538777,386,0
539236,461,0
539710,935,0
540415,3800,1
540649,134,0
540913,182,0
541064,395,0
541590,713,0
542016,1445,1
542374,593,0
543073,929,1
543112,452,0
543459,203,1
543687,974,0
544399,932,1
544677,353,0
545017,230,0
545348,1004,0
546372,1967,1
546514,416,0
546736,272,1
546976,503,0
547055,263,1
547672,1196,0
547890,470,1
548924,2855,0
549263,938,1
550393,1067,1
551779,443,0
551850,1367,1
552356,1511,0
552402,398,1
553723,1127,1
554134,1100,0
554370,428,1
554778,392,1
554917,221,1
555231,209,1
555234,1082,0
555811,638,1
556314,497,1
556435,1502,0
557724,1367,1
557834,110,1
558020,209,0
558712,1256,0
558895,791,1
559910,893,1
560013,2369,0
561509,1490,1
562246,689,1
562388,986,0
563118,875,1
563579,464,1
563721,272,0
563995,554,0
564546,752,0
564766,1127,1
566212,260,0
566368,1418,1
566475,542,0
567017,224,0
567238,323,0
567576,2333,0
570480,1265,0
570841,4460,1
570990,226,1
571124,236,1
571946,1469,0
572445,929,1
573412,413,0
573962,1685,0
574877,2336,1
575637,1157,0
575760,653,1
576485,728,1
576797,848,0
577114,632,1
577600,272,1
577656,4286,0
578451,854,1
578988,491,1
579393,287,1
580849,1433,1
581622,725,1
581939,1286,0
582186,557,1
582730,575,1
583243,1526,0
583293,566,1
584300,986,1
584769,2147,0
585291,977,1
586310,809,1
586967,386,0
587100,782,1
587350,1343,0
587656,551,1
588310,635,1
588603,293,1
588686,2075,0
589017,254,1
590331,1259,1
590657,278,1
590931,872,0
591856,971,1
591885,122,0
592015,980,0
592426,311,1
592704,257,1
593060,1106,0
593796,965,1
594186,716,0
594984,1172,1
595271,149,0
595702,395,0
596358,602,0
596457,1433,1
597181,476,1
597438,596,0
597630,293,1
598385,629,1
598514,548,0
599127,539,0
599703,725,0
600419,1934,1
600495,2636,0
601357,848,1
602687,1337,1
603141,530,0
603247,332,1
603684,503,0
603848,196,1
604207,902,0
605353,1343,0
605432,1625,1
606776,308,0
606783,1343,1
607036,1184,0
607866,452,1
608301,1460,0
609381,1487,1
609783,194,0
609976,773,0
610890,830,0
612078,2672,1
612284,143,0
612393,392,0
612643,401,1
612778,911,0
613587,944,1
613754,1172,0
614005,269,1
614939,461,0
615397,683,0
616110,191,0
616330,554,0
616387,2135,1
616897,1178,0
617380,884,1
617567,80,1
618143,860,0
619068,257,0
619322,767,0
619449,1889,1
620099,1151,0
620847,1244,1
621366,1280,0
621972,1007,1
622687,1232,0
623056,878,1
624060,995,1
624177,212,0
624386,944,0
624793,524,1
625290,503,1
625572,1412,0
625579,302,1
626073,443,1
626571,518,1
627161,164,0
627334,635,1
627677,2540,0
628447,1040,1
629136,575,1
629736,590,1
630151,395,1
630295,956,0
631262,203,0
631596,2150,0
632145,2036,1
633069,860,1
633914,146,0
634139,512,0
634203,1091,1
634669,1562,0
636482,890,0
636730,2516,1
637382,1436,0
637455,695,1
638119,584,1
638933,806,0
639274,755,1
639732,821,0
640066,791,1
640603,380,0
640859,803,1
640993,851,0
641374,476,1
641846,1466,0
642401,860,1
643309,1295,0
643568,1154,1
644816,500,0
645052,1133,1
645435,1655,0
645483,434,1
646385,884,1
647139,1361,0
647148,779,1
647632,473,1
648715,914,0
648935,1280,1
649251,302,1
649768,1022,0
649993,809,1
650512,464,1
650847,335,1
650930,2291,0
652567,1571,1
653475,494,0
654018,737,0
654276,1334,1
654758,539,0
655062,770,1
655404,473,0
655868,770,0
655982,890,1
657224,1145,1
657257,725,0
657940,677,0
658655,788,0
659434,1187,1
659545,275,0
659995,539,1
660449,1031,0
660595,344,1
661583,413,0
661722,938,1
661965,446,0
662426,677,0
662810,989,1
663194,1589,0
664163,1331,1
665176,605,0
665397,1208,1
665908,161,0
666191,1073,0
667261,782,0
667725,2294,1
668128,389,1
668156,863,0
668991,1550,0
669564,1364,1
670799,779,0
671170,1331,1
671705,1322,0
672508,1310,1
672884,164,1
673079,1223,0
673608,701,1
674382,719,0
674609,896,1
674688,92,1
675016,356,1
675557,1016,0
675623,365,1
676601,644,0
676902,986,1
677351,968,0
677364,392,1
677849,299,1
678243,404,1
678368,1382,0
678551,305,1
678957,368,1
679487,383,1
679771,1232,0
680153,662,1
681274,776,1
681310,1667,0
682286,623,1
682816,500,1
682951,128,0
683188,1937,0
685215,326,0
685583,512,0
685592,2684,1
686147,647,0
686677,1088,1
686791,869,0
687871,473,0
688063,1298,1
688357,689,0
689046,1424,0
689958,1412,1
690528,1352,0
691460,1487,1
691940,716,0
692094,551,1
692752,140,0
693292,686,0
693343,1244,1
693802,254,1
694192,65,0
694338,2462,0
694924,965,1
696193,986,1
696802,932,0
696955,683,1
697535,503,1
697735,1286,0
698756,1136,1
699030,170,1
699235,296,0
699443,416,1
699562,236,0
699790,980,0
700962,776,0
701506,2018,1
701808,1430,0
703517,953,0
704183,2351,1
704585,587,0
705207,566,0
705270,1070,1
705922,713,0
706661,404,0
706837,1433,1
707112,236,0
707349,449,1
707441,1916,0
709446,1130,0
710438,3092,1
710680,209,0
711418,1166,0
711605,983,1
711717,182,1
712156,332,1
712644,905,0
713577,1379,1
713588,959,0
713719,206,1
714560,1325,0
715515,1520,1
716146,1421,0
716292,623,1
716545,182,1
717333,764,1
718051,263,0
718093,506,1
718417,218,0
718643,941,0
719627,2816,0
720013,1841,1
720194,122,1
721953,1745,1
722279,215,1
722443,494,0
722508,230,1
723025,449,0
723476,950,0
723530,1013,1
724492,914,0
725036,1463,1
725573,821,0
725690,605,1
726485,212,0
726598,911,1
726708,146,1
726850,1148,0
727737,932,1
728016,3221,0
728367,617,1
728840,368,1
729751,821,1
731152,1238,1
731245,218,0
731498,395,0
731836,620,1
731979,590,0
732061,206,1
732575,785,0
733379,1301,1
733469,1553,0
735096,1217,0
736242,2840,1
736442,1142,0
737615,1514,0
737723,1433,1
738182,392,1
739603,770,0
740178,1661,1
740388,941,0
740834,629,1
741303,200,1
741380,1286,0
742410,1064,1
742663,287,0
743009,1331,0
743161,749,1
744448,530,0
744971,1862,0
745681,2504,1
746292,551,1
746890,131,0
746925,350,1
747026,479,0
747583,842,0
747892,653,1
748323,194,1
748432,377,0
748812,821,0
749154,773,1
749630,989,0
750085,788,1
750619,1286,0
751283,1160,1
751958,2354,0
751960,671,1
752108,260,1
753589,1481,1
754423,629,1
754567,815,0
754846,422,1
755499,659,0
755698,827,1
756170,2906,0
756279,581,1
758200,1892,1
758562,314,1
759174,581,1
759241,2351,0
759825,332,1
761220,1349,1
761667,695,0
761876,659,1
762420,392,1
762531,1502,0
762955,482,1
763173,218,1
764044,1700,0
765759,2258,1
765896,194,0
766083,878,0
766729,737,1
767047,764,0
767925,698,0
768216,1412,1
768607,1610,0
770193,983,0
770546,2219,1
770846,257,1
771340,1655,0
771823,926,1
772850,827,1
773084,131,0
773317,1178,0
774118,1163,1
774544,605,0
775160,1400,0
775211,956,1
775910,659,1
776563,1091,0
777237,1187,1
777496,155,1
777654,1571,0
778223,734,1
778655,425,1
779318,86,0
779578,884,1
780064,944,0
780263,494,1
781326,1724,0
781343,1040,1
782387,926,1
782793,287,1
782975,185,1
783053,491,0
783547,95,0
783724,1004,0
784100,1118,1
785089,986,1
785149,182,0
785330,458,0
785790,941,0
786257,1178,1
786728,365,0
787109,1766,0
787957,1703,1
788451,494,1
788862,1487,0
788932,488,1
789266,341,1
789527,248,1
790346,1358,0
790516,866,1
791698,1082,0
792580,1859,1
792783,1316,0
792935,263,1
794099,1244,0
794371,1499,1
795117,692,1
795340,1067,0
796004,713,1
796461,1475,0
796794,758,1
797929,920,0
798189,1349,1
798851,830,0
799013,824,1
799585,560,1
799678,1262,0
800686,1070,1
801001,1151,0
801762,1079,1
802253,917,0
802969,1172,1
803217,248,1
803401,512,0
803975,2705,0
804163,914,1
805890,1730,1
806043,77,1
806740,389,0
807229,197,0
807394,1142,1
807436,743,0
808165,764,1
808179,620,0
809024,1043,0
809915,1499,1
810102,1202,0
810967,1052,1
811294,1385,0
812201,1223,1
812610,404,1
812689,440,0
813151,224,0
813332,893,0
814313,551,0
814803,2171,1
814861,854,0
815758,1373,0
816841,1682,1
817176,209,1
817672,764,0
818433,182,0
818597,2663,0
821275,1589,0
821895,4568,1
822844,809,1
823189,1424,0
823320,410,1
824297,959,1
824684,1757,0
826387,2060,1
826699,116,0
826796,2597,0
827880,1493,1
829103,1223,1
829568,362,0
829575,482,1
829968,794,0
830142,563,1
830510,371,1
830778,866,0
831112,605,1
831750,347,0
832086,977,1
832263,1550,0
833261,1178,1
833799,536,1
833854,251,0
834097,980,0
834836,707,1
835154,203,1
835294,2390,0
837369,2135,1
837890,536,0
838467,662,0
838675,1256,1
839238,926,0
839956,1079,1
840161,770,0
840296,275,1
841036,440,0
841376,1052,1
841467,137,1
841540,1229,0
842256,719,1
842582,326,1
842773,380,0
843103,212,0
843246,200,0
843427,902,0
843485,719,1
844403,851,0
844707,1046,1
845266,794,0
845831,1007,1
846173,1343,0
847122,1136,1
847500,596,0
847708,593,1
848006,290,1
848123,602,0
848569,566,1
848740,569,0
849291,704,1
849326,2600,0
850289,980,1
850881,416,1
851444,563,1
851961,740,0
852503,950,1
852806,584,0
853247,731,1
853760,479,0
854034,707,1
854236,1418,0
854626,497,1
855693,926,0
856097,1394,1
856656,455,0
857289,704,0
857687,1154,1
857994,251,1
858008,530,0
858206,215,1
858473,131,1
858612,2429,0
860458,1976,1
861044,206,0
861237,2534,0
861335,731,1
862391,920,1
863355,758,1
863991,2243,0
865624,1991,1
866285,797,0
866381,443,1
867082,890,0
867797,1388,1
867969,1982,0
869089,1277,1
869986,1280,0
870051,965,1
870582,509,1
871292,713,1
871491,1421,0
871941,677,1
872612,677,1
872994,344,0
873307,707,1
873385,623,0
873886,578,1
874046,800,0
874340,431,1
874758,101,1
874839,698,0
875621,1517,0
875731,1019,1
876944,1163,1
877162,188,0
877268,1424,0
878238,1079,1
878847,1157,0
879456,860,1
880093,386,0
880230,635,1
880794,824,0
881063,740,1
881649,2672,0
882126,896,1
883601,1478,1
884383,794,0
884410,785,1
885177,221,0
885416,995,1
885545,725,0
886222,287,0
886528,851,0
887526,725,0
887553,2144,1
887677,131,1
888542,557,0
888650,893,1
889022,230,1
889191,1196,0
889737,659,1
890573,761,0
891224,1232,1
891347,857,0
891512,59,1
891832,229,1
892216,1352,0
892607,602,1
893182,329,1
893319,188,1
893598,2432,0
893928,578,1
895279,1325,1
896152,485,0
896454,1178,1
896641,1025,0
897679,1202,1
897771,455,0
898230,788,0
899018,1148,0
899220,1094,1
899633,389,1
900163,596,0
900796,3482,0
902625,2873,1
903635,743,1
904291,959,0
905131,1439,1
905349,2141,0
905481,311,1
906304,659,1
907480,980,1
907547,389,0
907989,266,1
908001,1298,0
908377,407,1
908938,521,1
909348,254,0
909595,200,0
909946,896,1
909961,545,0
910503,422,0
910681,710,1
910939,710,0
911656,251,0
911899,980,0
912420,1733,1
913083,823,0
913609,1098,1
913960,1718,0
915136,1517,1
915727,548,1
915790,707,0
915975,125,1
916494,404,0
917016,815,0
917425,1448,1
917606,134,1
917871,653,0
918517,1031,0
919736,572,0
919780,1919,1
920268,488,1
921671,1367,1
923026,1319,1
924441,1400,1
926113,803,0
926913,914,0
927476,2870,1
928068,800,0
928252,779,1
928946,770,0
929631,1328,1
929764,1358,0
931194,755,0
931983,722,0
932702,467,0
932732,3098,1
933234,731,0
933632,578,1
934505,770,1
934505,785,0
935427,479,0
935916,914,0
936178,1625,1
936874,482,0
937151,932,1
937380,1352,0
938584,1385,1
938743,3464,0
939848,1211,1
941102,1196,1
942286,1412,0
942350,1190,1
943703,743,0
944443,2765,0
944604,1778,1
945123,479,1
945998,878,1
947217,761,0
947983,1331,0
948306,2297,1
948724,191,1
949317,524,0
949476,755,1
949838,1280,0
951143,1082,0
951472,1652,1
951969,365,1
952189,1850,0
952543,513,1
953198,665,1
953468,260,1
954043,413,0
954237,767,1
954463,1475,0
954976,730,1
955365,392,1
955719,293,1
955989,224,0
956221,431,1
956248,500,0
956976,497,1
957445,518,0
957661,713,1
957915,240,1
957996,137,0
958173,2141,0
958266,331,1
958997,734,1
959593,580,1
959807,272,1
960241,431,1
960390,4061,0
961084,446,1
961545,442,1
961621,188,1
961906,218,1
963450,1376,1
963761,179,1
964276,491,1
964411,437,0
964955,59,0
964991,490,1
965198,377,0
965609,269,1
965719,1136,0
965725,80,1
966240,482,1
966897,770,0
967042,809,1
967821,473,0
968007,632,1
968337,2444,0
969696,1229,1
971021,578,0
971132,1181,1
971805,767,0
972255,836,1
972543,740,0
973046,761,1
973439,278,0
973720,260,0
974190,748,0
974779,1418,1
974995,356,0
975344,278,0
975600,692,1
975727,1739,0
976522,935,1
977411,785,0
977906,1262,1
978267,1055,0
978944,1031,1
979319,452,0
979806,263,0
979990,1166,0
981153,614,0
981689,2159,1
981824,1457,0
982875,1193,1
983542,458,0
983947,1040,1
984092,1244,0
984273,218,1
985124,713,1
985394,401,0
985834,1055,0
985882,689,1
987097,530,1
987177,1103,0
988292,1253,0
989356,2246,1
989794,315,0
990382,875,1
991062,539,0
991183,794,1
991838,470,1
992392,563,1
992796,407,1
993104,323,1
993704,1162,0
995272,665,0
995954,275,0
996359,410,0
996485,3368,1
996771,338,0
997435,212,0
997644,362,0
998025,1028,0
999142,203,0
999360,1832,0
999549,2888,1
1001224,713,0
1002019,1334,0
1003084,3542,1
1003585,410,0
1003974,956,0
1004910,1826,1
1004940,2198,0
1006303,1331,1
1007135,956,0
1007788,1253,1
1008088,689,0
1008682,548,1
1008957,125,0
1009195,614,0
1009883,179,0
1010057,329,0
1010123,1376,1
1010551,428,1
1010699,710,0
1011091,536,1
1011378,1643,0
1012151,1079,1
1013011,2525,0
1013875,1760,1
1014355,404,1
1014857,422,1
1015562,668,0
1016268,1418,1
1016288,587,0
1016950,590,0
1017884,1610,1
1018074,179,0
1018315,227,0
1018577,140,0
1018717,263,0
1019034,231,0
1019343,101,0
1019918,89,0
1020560,4253,0
1021209,3332,1
1022480,1214,1
1023109,551,1
1023713,602,1
1024934,890,0
1026242,2507,1
1026387,590,0
1026989,236,0
1027103,536,1
1027334,1325,0
1027944,851,1
1028885,854,0
1030269,719,0
1030432,2486,1
1030999,1427,0
1032419,695,0
1033069,212,0
1033089,2645,1
1033188,197,0
1033360,665,0
1033771,491,1
1034238,1670,0
1035481,1652,1
1035922,1472,0
1036159,665,1
1037408,587,0
1037493,1337,1
1037912,215,0
1038124,2033,0
1039049,1538,1
1039608,500,1
1040527,185,0
1040730,120,1
1041032,1088,0
1041844,1097,1
1042162,932,0
1042727,806,1
1043186,497,0
1043221,443,1
1043760,233,0
1043941,605,0
1044426,1205,1
1044586,863,0
1044845,227,1
1045439,1547,0
1046113,917,1
1046527,395,1
1046986,1418,0
1047620,1100,1
1048395,731,1
1048547,950,0
1048875,422,1
1049507,1382,0
1050295,1418,1
1051158,440,0
1051849,986,0
1052179,1775,1
1052884,1484,0
1053528,1316,1
1054361,971,0
1054722,647,1
1055329,956,0
1055898,1148,1
1056372,1049,0
1056708,755,1
1057664,815,0
1058187,1367,1
1058891,245,0
1059153,671,0
1059534,1289,1
1059971,275,0
1060344,1586,0
1061455,1364,1
1062169,890,0
1062415,848,1
1063028,545,1
1063104,1169,0
1063979,329,1
1064307,1451,0
1064761,782,1
1065228,449,1
1065798,1886,0
1067015,1352,1
1067832,221,0
1068045,980,0
1068357,1340,1
1069287,1259,0
1069718,1340,1
1070536,1283,0
1071859,899,0
1072706,2756,1
1072868,659,0
1073558,470,0
1074034,1181,0
1074064,1301,1
1075318,611,0
1075995,1253,0
1076346,2234,1
1076672,248,1
1077007,335,1
1077300,3074,0
1077869,791,1
1079734,1637,1
1080361,86,0
1080497,1082,0
1081120,1298,1
1081538,362,1
1081656,947,0
1082509,935,1
1082680,1664,0
1083095,602,1
1083939,671,1
1084346,944,0
1085308,866,0
1086184,809,0
1086990,950,0
1087705,1478,1
1087937,1013,0
1089009,1277,1
1089126,1211,0
1090113,785,1
1090439,539,0
1091203,833,0
1091637,1454,1
1092129,1109,0
1093068,1337,1
1093273,275,0
1093735,773,0
1093825,779,1
1094510,581,0
1094682,860,1
1095069,1196,0
1095405,575,1
1095682,260,1
1096275,671,0
1096944,1271,1
1097384,179,0
1097387,365,1
1097562,962,0
1098537,767,0
1099301,827,0
1099502,1799,1
1100125,851,0
1101082,974,0
1101214,1712,1
1102022,734,1
1102246,248,0
1102439,152,1
1102579,2978,0
1105332,2699,1
1105645,623,0
1106269,1157,0
1106992,1568,1
1107525,536,1
1107564,194,0
1107592,110,1
1107778,1220,0
1108592,1055,1
1109011,1094,0
1109349,746,1
1109981,650,1
1110164,308,0
1110600,344,0
1110901,923,1
1110968,1094,0
1111191,293,1
1112140,203,0
1112525,260,0
1112886,1415,0
1113471,1037,1
1114420,320,0
1114631,908,1
1114842,1115,0
1115974,809,0
1116060,1427,1
1116665,605,1
1116903,458,0
1117038,323,1
1117543,311,1
1117544,524,0
1118118,191,0
1118272,710,1
1118340,197,0
1118567,677,0
1118751,479,1
1119316,284,0
1119704,182,0
1119797,1049,1
1119808,281,0
1120247,911,0
1120539,761,1
1121159,626,1
1121283,908,0
1122334,1184,0
1122438,1139,1
1123493,992,1
1123644,3143,0
1124021,407,1
1124761,593,1
1126188,1427,1
1126435,236,1
1126784,1202,0
1127838,1364,1
1128176,689,0
1128703,776,1
1128923,1295,0
1129346,638,1
1130605,1262,1
1130625,1319,0
1131510,908,1
1132020,1373,0
1132473,767,1
1133180,656,1
1133552,1814,0
1135371,581,0
1135847,2561,1
1136045,1070,0
1136487,353,1
1137171,1127,0
1138321,332,0
1138602,2078,1
1138681,1847,0
1139686,1010,1
1140539,971,0
1140804,1121,1
1141076,272,1
1141639,347,0
1141939,872,1
1142163,884,0
1142293,350,1
1142966,461,1
1143190,308,1
1143346,539,0
1143702,611,1
1144036,449,0
1144489,1103,0
1145525,1826,1
1145681,470,0
1146171,419,0
1146451,923,1
1146668,977,0
1147623,518,0
1148178,1709,1
1148195,974,0
1148730,542,1
1149349,1862,0
1149497,767,1
1149904,410,1
1150367,470,1
1151165,755,1
1151236,899,0
1151655,419,1
1152135,242,0
1152583,1448,0
1153193,1424,1
1154085,590,0
1154638,911,0
1154659,1457,1
1155717,491,0
1155929,1010,1
1156336,1364,0
1156605,527,1
1158108,935,0
1159010,2252,1
1159099,542,0
1159625,311,0
1160121,890,0
1160369,1133,1
1161023,329,0
1161352,614,0
1161805,1439,1
1161956,1991,0
1163506,1514,1
1163969,947,0
1164468,965,1
1165234,773,1
1165376,1475,0
1165660,359,1
1166544,779,1
1166895,677,0
1166919,371,1
1167778,317,0
1167889,959,1
1168029,263,0
1168439,1298,0
1168449,563,1
1169790,1085,1
1169983,623,0
1170432,497,1
1170732,1274,0
1171573,1061,1
1172194,2354,0
1172316,500,1
1174757,272,0
1175074,2630,1
1175221,1871,0
1175494,185,1
1177243,371,0
1177653,566,1
1177708,398,0
1178078,428,1
1178158,695,0
1178918,1700,0
1179707,1556,1
1180372,515,1
1180718,818,0
1181689,458,0
1181974,1538,1
1182177,1772,0
1183163,1172,1
1183820,530,1
1183942,1781,0
1184246,335,1
1184973,737,1
1185904,338,0
1186272,1286,0
1186281,1184,1
1187564,992,1
1187607,860,0
1188685,572,0
1188685,1064,1
1189288,389,0
1189880,1202,1
1189978,353,0
1190373,1550,0
1191194,959,1
1192087,470,0
1192673,551,0
1193348,2144,1
1193395,218,0
1193639,374,0
1193731,410,1
1193973,245,1
1194550,329,1
1194559,3149,0
1195046,344,1
1195532,449,1
1196604,404,1
1197175,524,1
1197484,299,1
1197731,1193,0
1197825,158,1
1198358,449,1
1199021,662,1
1199066,647,0
1199644,191,0
1199841,3362,0
1200442,1400,1
1202033,1280,1
1203415,161,0
1203495,1448,1
1203590,527,0
1204187,377,0
1204542,107,0
1204717,551,0
1204786,1268,1
1205397,1931,0
1205783,977,1
1207126,1007,1
1207381,329,0
1207710,605,0
1208425,1874,0
1208454,1162,1
1210324,1718,1
1210345,218,0
1210480,644,0
1211360,962,0
1212074,1748,1
1212319,959,0
1212561,416,1
1213430,1304,0
1213829,1229,1
1214867,1676,0
1215346,1193,1
1216528,1127,1
1216781,1220,0
1217544,1019,1
1218037,185,0
1218177,629,1
1218219,1652,0
1218543,242,1
1219085,509,1
1219389,296,1
1219848,341,1
1219908,479,0
1220149,233,1
1220376,227,1
1220403,278,0
1220591,794,0
1221230,857,1
1221523,341,0
1221978,2504,0
1223641,2414,1
1223983,188,1
1224227,233,1
1224561,260,1
1224744,932,0
1225221,611,1
1225679,1292,0
1226209,698,1
1227002,97,0
1227096,407,0
1227252,1034,1
1227504,458,0
1227959,917,0
1229018,1766,1
1229022,677,0
1229686,779,0
1229994,833,1
1230528,854,0
1231069,1058,1
1231443,809,0
1231723,650,1
1232242,626,0
1232283,464,1
1232486,203,1
1232705,215,1
1232836,686,0
1233198,512,1
1233519,2414,0
1233577,377,1
1234002,428,1
1234529,452,1
1234968,446,1
1235615,578,1
1235971,359,1
1236363,4289,0
1236866,908,1
1237464,605,1
1238963,1502,1
1239346,386,1
1239761,443,1
1240255,491,1
1240692,368,0
1240852,566,1
1241060,710,0
1241751,491,0
1242167,1172,1
1242692,515,1
1242763,364,0
1243049,302,1
1243183,119,1
1243243,1094,0
1244406,926,0
1245562,482,0
1246122,815,0
1246253,3077,1
1246735,485,1
1247027,1781,0
1247832,1100,1
1248141,218,1
1248821,776,0
1249318,773,1
1249697,878,0
1250486,482,1
1250745,1454,0
1251094,476,1
1251374,290,1
1251777,341,1
1252259,1361,0
1253587,1661,1
1253677,1301,0
1254551,878,1
1254677,164,1
1255000,1145,0
1255264,590,1
1255904,605,1
1256274,785,0
1257070,1235,0
1257313,1286,1
1258125,791,1
1258327,1049,0
1259653,1361,1
1259693,1667,0
1260038,248,1
1260605,548,1
1261370,1259,0
1261403,767,1
1261792,347,1
1262351,482,1
1262640,815,0
1263452,893,0
1263593,1226,1
1264101,518,1
1264482,1067,0
1264616,365,1
1265546,509,0
1265896,1070,1
1265988,154,0
1266173,722,0
1266898,494,0
1267028,1121,1
1267566,1385,0
1268231,1160,1
1268822,341,1
1268987,521,0
1269063,206,1
1269616,212,0
1269830,737,1
1269830,866,0
1270945,980,1
1271177,542,0
1271673,731,1
1271939,692,0
1272662,2608,0
1274376,2573,1
1275283,1007,0
1276301,515,0
1276819,632,0
1277727,95,0
1277816,761,0
1278634,212,0
1278760,890,0
1279651,2972,0
1282610,2237,0
1285116,1136,0
1286451,332,0
1286729,197,0
1287217,161,0
1287504,260,0
1287797,4517,0
1288573,113,1
1289471,803,1
1289853,1298,1
1290173,323,1
1290307,836,1
1290414,203,1
1290855,242,1
1291564,677,1
1291574,1355,1
1292334,461,0
1292823,1901,0
1292842,1199,1
1292997,188,1
1293430,389,1
1294088,440,1
1294348,2660,1
1294945,205,0
1295078,698,1
1295461,1448,0
1295533,404,1
1295566,419,1
1295733,158,1
1295783,203,1
1296184,182,1
1296810,1037,1
1296899,683,0
1297057,864,1
1297547,689,1
1297629,155,0
1297739,1382,0
1298235,383,1
1298878,587,1
1299145,332,0
1299493,1223,0
1299862,881,1
1300728,3143,0
1301405,1334,1
1302274,737,1
1303881,1622,1
1303973,1376,0
1304864,575,1
1305417,1247,0
1305547,650,1
1306503,956,1
1306772,653,0
1306979,479,1
1307519,368,0
1307952,248,0
1308266,1118,0
1308976,1799,1
1309399,161,0
1309588,269,0
1309826,152,0
1309966,974,1
1310295,278,1
1310329,152,0
1310603,620,0
1310919,680,1
1311398,2240,0
1311821,905,1
1312561,728,1
1313304,731,1
1313631,275,0
1313684,380,1
1313881,1202,0
1313918,128,1
1314107,164,1
1314184,80,1
1314638,260,1
1315086,218,0
1315301,3881,0
1315542,848,1
1316386,635,1
1316947,536,1
1318500,1556,1
1318743,140,1
1319398,1133,0
1320528,815,0
1321340,992,0
1322329,1004,0
1322645,3887,1
1323444,1250,0
1324648,1427,1
1324698,956,0
1325526,713,1
1325843,1175,0
1326850,1334,1
1327028,1610,0
1327249,338,1
1328484,1190,1
1328652,857,0
1329509,746,0
1330065,1253,1
1330258,413,0
1330852,2105,0
1331322,1193,1
1333139,197,0
1333346,1088,0
1334543,1160,0
1334721,3281,1
1335704,629,0
1335801,983,1
1336306,1220,0
1337335,1511,1
1337673,902,0
1338358,998,1
1338784,746,0
1339485,1061,1
1339902,563,0
1340369,872,1
1340404,191,0
1340594,1565,0
1340839,422,1
1342138,1202,1
1342280,428,0
1342929,1238,0
1342960,812,1
1343277,320,1
1343795,518,1
1344171,188,0
1344398,410,0
1344796,185,0
1345038,806,0
1345153,1361,1
1345958,1463,0
1346179,890,1
1347472,878,0
1347478,1139,1
1348325,551,0
1348750,1280,1
1348880,1532,0
1349795,854,1
1350423,908,0
1350743,803,1
1351328,296,0
1351599,737,1
1351639,1058,0
1352388,488,1
1353077,1658,0
1353714,1214,1
1354128,386,1
1354468,323,1
1354704,680,0
1355079,515,1
1355425,1385,0
1356794,119,0
1356946,1850,1
1357283,335,1
1357399,560,0
1357495,200,1
1358134,209,0
1358398,383,0
1358874,788,0
1358956,1283,1
1359791,203,0
1359874,776,1
1360095,965,0
1361159,113,0
1361212,845,1
1361269,953,0
1362280,149,0
1362481,641,0
1363223,263,0
1363597,1211,0
1364947,1088,0
1366046,1112,0
1366380,4961,1
1367161,1901,0
1368693,2312,1
1369093,467,0
1369273,431,1
1369564,317,0
1370141,611,0
1370577,1154,1
1370776,641,0
1371419,1031,0
1371875,1013,1
1372450,581,0
1373020,1118,1
1373046,2582,0
1374405,1274,1
1375043,620,1
1375863,482,0
1376232,1178,1
1376415,977,0
1377556,707,0
1377822,1472,1
1378106,215,1
1378260,1427,0
1379473,1370,1
1379697,554,0
1380352,707,0
1381056,1451,0
1381101,1466,1
1382567,1670,0
1382747,1577,1
1383379,539,1
1383913,518,1
1384162,146,1
1384321,935,0
1384415,191,1
1384585,152,1
1385374,725,0
1386099,674,0
1386773,740,0
1387010,2243,1
1387683,908,0
1388590,1541,1
1389046,1877,0
1390661,2066,1
1391001,1538,0
1391470,638,1
1392507,1037,1
1392564,878,0
1392711,185,1
1393458,626,1
1393532,467,0
1393996,1040,0
1394833,1289,1
1395189,1424,0
1395629,746,1
1396126,359,1
1396759,1175,0
1397610,1463,1
1398836,194,0
1398884,1061,1
1399146,224,1
1399173,1664,0
1399769,731,1
1400923,149,0
1401094,752,0
1401803,2012,1
1401894,1220,0
1402246,413,1
1402997,758,1
1403123,1148,0
1403533,539,1
1404331,800,0
1405258,1715,1
1405464,1946,0
1406828,1580,1
1407483,650,1
1407613,1664,0
1408603,1108,1
1408725,110,1
1409280,185,0
1409689,947,1
1409723,1406,0
1411091,1391,1
1411179,326,0
1411589,446,0
1411717,671,1
1412028,86,0
1412324,530,0
1412334,617,1
1412994,293,0
1413057,470,1
1413427,764,0
1413629,572,1
1414376,545,0
1414653,878,1
1414947,1640,0
1415704,1034,1
1416630,713,1
1416643,1319,0
1417012,227,1
1417410,398,1
1417959,2198,0
1418420,863,1
1420450,2015,1
1420551,134,0
1420847,677,0
1421222,698,1
1421521,2684,0
1421532,200,1
1422687,1127,1
1423047,356,1
1423487,59,1
1423672,185,1
1424198,572,0
1424779,2048,0
1426699,3113,1
1426850,1673,0
1428523,89,0
1428563,1700,1
1428925,206,0
1429374,4193,0
1430748,1979,1
1431391,575,1
1432560,1043,1
1433567,326,0
1434098,2870,0
1434659,2003,1
1435629,950,1
1435880,254,1
1436965,569,0
1437760,254,0
1438140,1418,0
1438197,2279,1
1438825,335,1
1439317,479,1
1439555,1418,0
1439993,701,1
1440793,803,1
1441015,1481,0
1441806,1016,1
1442138,293,1
1442532,287,1
1442767,743,0
1443533,656,0
1443947,1403,1
1444183,932,0
1444794,836,1
1445105,734,0
1445875,791,0
1445971,1187,1
1446663,1046,0
1447314,1226,1
1447861,1061,0
1448714,1403,1
1448919,731,0
1449665,2450,0
1450087,1361,1
1450995,887,1
1451664,659,1
1452175,566,0
1452177,500,1
1453132,1283,0
1453275,1052,1
1454180,899,1
1454403,185,0
1454852,239,0
1455053,869,1
1455124,389,0
1455507,347,0
1455692,425,1
1455854,1766,0
1456128,449,1
1456764,575,1
1457636,716,0
1457759,899,1
1458553,2801,0
1459121,1304,1
1460550,1424,1
1461369,1217,0
1461450,896,1
1462471,857,1
1462680,1166,0
1463391,791,1
1463846,869,0
1464565,1016,1
1464819,722,0
1465398,833,1
1465650,1976,0
1466273,875,1
1467360,1097,1
1467644,2633,0
1468405,911,1
1468776,368,1
1469732,851,1
1470283,509,1
1470302,227,0
1471124,1568,0
1472051,1727,1
1472353,257,1
1472708,1139,0
1473708,971,1
1473862,113,0
1473975,293,0
1474418,404,0
1474654,761,1
1474819,692,0
1475515,428,0
1475870,986,1
1476008,1265,0
1477406,1292,0
1477956,2015,1
1478176,218,1
1478733,521,0
1479171,998,1
1479264,791,0
1480187,926,1
1480519,341,1
1481624,1043,0
1482705,719,0
1482866,1415,1
1483310,392,1
1483421,941,0
1483656,344,1
1484476,380,0
1484951,113,0
1485172,1052,0
1486382,752,0
1486480,2189,1
1487339,1040,0
1487732,1202,1
1488373,1148,0
1489306,1238,1
1489525,1046,0
1489773,326,1
1490581,1016,0
1491144,1256,1
1491858,1472,0
1492313,965,1
1492858,326,1
1493398,788,0
1494127,1247,1
1494315,149,0
1494400,209,0
1494631,773,0
1495227,1085,1
1495404,689,0
1496096,1058,0
1496264,1037,1
1497155,818,0
1498128,995,0
1498784,2495,1
1499164,953,0
1499644,857,1
1500301,1052,0
1500391,734,1
1501429,1433,0
1502103,1697,1
1503045,2261,0
1503718,1238,1
1503854,71,1
1505130,920,1
1505540,1283,0
1505725,242,1
1506077,275,1
1506958,1070,0
1507005,632,1
1508006,218,0
1508264,167,0
1508364,185,0
1508604,251,0
1508746,530,0
1508768,1250,1
1509487,221,0
1509807,281,0
1510099,191,0
1510263,182,0
1510442,680,0
1510516,1694,1
1511119,785,0
1511530,944,1
1511910,296,0
1512282,206,0
1512749,1145,1
1513086,755,0
1513880,230,0
1514180,539,0
1514716,1019,0
1515732,701,0
1516398,3593,1
1516430,302,0
1516800,332,0
1517017,614,1
1517388,1526,0
1518596,1163,1
1519026,239,0
1519584,509,0
1520134,1538,1
1520190,101,0
1520288,455,0
1520743,170,0
1520906,290,0
1521193,362,0
1521552,140,0
1521570,1328,1
1521778,383,0
1521818,230,1
1522350,1082,0
1523044,995,1
1524021,215,0
1524236,497,0
1524494,1442,1
1524730,437,0
1525373,521,0
1525615,914,1
1526034,164,0
1526244,425,0
1526711,233,0
1526934,1247,1
1527050,143,0
1527333,545,0
1527853,1925,0
1528458,932,1
1528726,170,1
1529507,755,1
1529724,104,1
1529775,206,0
1529978,1601,0
1530747,1058,1
1531560,1319,0
1532454,1340,1
1532741,251,1
1532889,332,0
1533110,284,1
1533277,1025,0
1534344,395,0
1534600,1310,1
1534751,353,0
1535116,578,0
1535691,395,0
1536094,740,0
1536744,2144,1
1536850,422,0
1537254,434,0
1537432,485,1
1537681,2561,0
1538670,563,1
1540239,329,0
1540568,698,0
1541272,266,0
1541394,2642,1
1541504,512,0
1541914,671,0
1542166,752,1
1542646,3497,0
1542691,509,1
1543176,488,1
1543712,539,1
1544568,854,1
1545192,551,1
1546214,599,0
1546290,932,1
1546878,2837,0
1547410,1085,1
1548238,824,1
1549047,809,1
1549595,548,1
1549718,533,0
1549907,278,1
1550164,216,1
1550280,527,0
1550811,962,0
1551136,980,1
1551878,326,0
1552278,1331,0
1553313,2006,1
1554261,179,0
1554355,476,0
1554692,1220,1
1554890,1289,0
1555043,221,1
1556163,1178,1
1556266,1040,0
1557155,995,1
1557303,1154,0
1558390,1136,1
1558444,755,0
1559192,677,0
1559469,1013,1
1560281,812,1
1560448,2021,0
1561023,659,1
1562093,914,1
1562661,908,0
1563431,1268,1
1563966,989,0
1564083,662,1
1564830,488,1
1564977,512,0
1565492,485,0
1565970,245,0
1566217,452,0
1566384,1517,1
1566806,704,0
1567048,569,1
1567712,647,0
1568096,782,1
1568429,713,0
1569099,782,1
1569178,956,0
1569875,686,1
1570134,1241,0
1570588,716,1
1571369,773,1
1571372,761,0
1572266,410,0
1572468,902,1
1572638,1106,0
1573409,893,1
1573755,1133,0
1573792,362,1
1574496,647,1
1574881,1736,0
1575276,644,1
1575883,554,1
1576483,542,1
1576610,998,0
1577608,671,0
1578036,1520,1
1578508,1364,0
1579942,209,0
1580143,980,0
1580370,2144,1
1581383,482,0
1581647,1202,1
1581792,194,0
1581985,2150,0
1582440,455,1
1583017,494,1
1583678,650,1
1584163,962,0
1585266,1085,0
1585597,1832,1
1586255,599,1
1586580,260,0
1587105,266,0
1587445,677,0
1587556,1217,1
1588164,2282,0
1588236,254,1
1589414,938,1
1590488,443,1
1590710,404,0
1591165,1007,0
1591166,662,1
1592169,2225,0
1593062,1790,1
1593565,500,1
1594511,722,0
1594899,1337,1
1595230,659,0
1596028,746,0
1596701,191,0
1596820,293,0
1597178,503,0
1597678,2726,1
1597916,71,0
1597980,887,0
1598652,977,1
1599209,542,1
1599220,515,0
1599775,554,1
1599784,1583,0
1600074,302,1
1601639,128,0
1601912,1841,1
1601953,467,0
1602417,1118,0
1603594,920,0
1603605,1529,1
1604733,1592,0
1605069,1457,1
1605639,503,1
1606115,373,1
1606258,193,1
1606337,275,0
1606604,980,0
1607845,1265,0
1607980,1220,1
1609085,917,1
1609262,815,0
1609611,461,1
1609971,305,1
1610223,2432,0
1611345,1295,1
1612661,899,0
1613104,1670,1
1613691,662,0
1613859,758,1
1614429,749,0
1614731,857,1
1615178,1235,0
1615693,962,1
1616617,965,0
1617045,1355,1
1617421,266,1
1617569,1871,0
1617801,386,1
1618136,335,1
1619460,1538,0
1619785,1652,1
1620675,890,1
1621016,920,0
1621939,911,0
1622654,1982,1
1623028,2348,0
1623622,968,1
1624765,1139,1
1625384,1328,0
1625675,602,1
1626139,425,1
1626759,1325,0
1626960,542,1
1628262,1202,1
1628297,383,0
1628787,470,1
1628791,1115,0
1629730,902,1
1629903,626,0
1630775,1202,0
1631114,1190,1
1632024,758,0
1632370,1259,1
1632840,596,0
1633721,1232,0
1633988,1628,1
1634994,284,0
1635364,815,0
1635619,1358,1
1636179,1208,0
1636700,1076,1
1636948,206,1
1637083,83,1
1637471,536,0
1637813,650,1
1638112,1052,0
1638121,254,1
1639243,371,0
1639251,1130,1
1639586,1079,0
1640693,1064,0
1641625,2285,1
1641786,566,0
1641803,179,1
1642498,203,0
1642766,509,0
1643283,200,0
1643447,341,0
1643856,233,0
1644089,227,0
1644313,867,0
1645177,2415,0
1646055,3734,1
1646905,722,1
1647746,188,0
1647945,233,0
1648519,1004,0
1649572,1022,0
1649679,2627,1
1650594,1766,0
1651516,1688,1
1652136,623,1
1652503,833,0
1653353,1058,0
1654415,650,0
1655161,464,0
1655625,203,0
1655832,215,0
1656028,512,0
1656542,377,0
1656674,4619,1
1656916,428,0
1657419,452,0
1657864,446,0
1658324,1649,1
1658355,815,0
1659105,776,1
1659278,578,0
1659853,359,0
1660199,908,0
1661100,605,0
1661702,1520,0
1662229,2849,1
1663079,650,1
1663222,602,0
1663796,443,0
1664242,491,0
1664764,566,0
1665473,1172,0
1665768,2672,1
1666024,239,1
1666226,227,1
1666655,515,0
1667225,302,0
1667542,119,0
1667610,1103,1
1667654,3077,0
1668777,1055,1
1669915,1064,1
1670565,650,1
1670728,485,0
1671210,1100,0
1672284,1643,1
1672401,218,0
1672855,1685,0
1674148,1646,1
1674785,488,1
1674810,377,0
1675093,173,1
1675217,257,0
1675634,287,0
1675687,494,1
1675905,722,0
1675940,263,1
1676688,902,0
1677678,476,0
1678360,161,0
1678423,2486,1
1678505,1112,0
1679125,695,1
1679712,1133,0
1679975,863,1
1680421,449,1
1680855,953,0
1681033,602,1
1681669,623,1
1681805,845,0
1682328,662,1
1682710,488,0
1683107,737,1
1683239,1127,0
1683313,209,1
1683789,479,1
1684541,731,0
1685564,668,0
1685729,1943,1
1686232,716,0
1686283,557,1
1686955,731,0
1687332,1052,1
1687704,728,0
1688014,647,1
1688303,257,1
1688650,515,0
1689291,323,0
1689611,830,0
1690438,1013,0
1690700,2285,1
1690925,224,1
1691550,1430,0
1692940,1760,1
1692991,1001,0
1693187,227,1
1694029,1718,0
1694376,1007,1
1694798,284,1
1695880,968,0
1696683,1760,1
1696831,122,1
1696860,1652,0
1697527,695,1
1698656,899,0
1698745,1190,1
1698913,134,1
1699422,344,1
1699776,191,0
1700050,695,0
1701015,1589,1
1701171,1658,0
1702042,1025,1
1702826,992,0
1703136,1094,1
1703933,1115,0
1704951,1814,1
1705045,1946,0
1706589,1556,1
1707064,224,0
1707336,566,1
1707611,320,0
1707962,2276,0
1708461,713,1
1709486,986,1
1710923,218,0
1711069,356,0
1711070,1466,1
1711426,704,0
1711865,572,1
1712172,1721,0
1712274,254,1
1713452,1181,1
1713894,1766,0
1714950,1130,1
1715783,965,0
1715888,938,1
1717090,274,0
1717293,494,0
1717596,1691,1
1717922,4067,0
1718961,941,1
1719887,938,1
1721231,1250,1
1721997,698,1
1722144,611,0
1722766,1343,0
1723068,941,1
1724200,1292,0
1724418,1250,1
1725562,1088,1
1725731,2444,0
1726423,857,1
1727546,1049,1
1728186,617,0
1728526,881,1
1728747,182,1
1728805,863,0
1729704,626,0
1730200,1469,1
1730500,203,1
1730645,1148,0
1732003,1430,0
1732484,1991,1
1733352,836,1
1733434,908,0
1733456,176,1
1733626,113,1
1734278,668,1
1734442,590,0
1735114,740,0
1735452,1157,1
1735604,203,1
1736046,2282,0
1736634,1040,1
1737912,998,1
1738383,857,0
1739493,1520,1
1739646,1760,0
1740519,1010,1
1741536,692,0
1741997,1235,1
1742427,1088,0
1743229,1238,1
1743586,1283,0
1743662,239,1
1744384,719,1
1745038,764,0
1745418,884,1
1745975,683,0
1746243,695,1
1746638,398,1
1746769,1673,0
1747824,947,1
1748128,191,1
1748280,83,1
1748468,86,1
1748602,284,0
1749093,2264,0
1749940,1436,1
1750754,761,1
1751394,1748,0
1751462,578,1
1752219,587,1
1753139,986,0
1753325,932,1
1754162,1232,0
1755078,1715,1
1755446,182,0
1755625,746,0
1756525,893,0
1757395,779,0
1757571,2297,1
1758310,785,0
1758699,917,1
1759092,1322,0
1759863,1157,1
1760395,704,0
1760782,926,1
1761099,4460,0
1761518,731,1
1761606,107,1
1762397,731,1
1764304,1685,1
1765020,719,1
1765537,470,1
1765820,1847,0
1766039,461,1
1767604,208,0
1767848,548,0
1768164,2000,1
1768423,647,0
1769064,195,0
1769292,1190,0
1769297,1136,1
1770469,182,0
1770667,1088,0
1771569,2279,1
1772357,1400,0
1772668,1088,1
1773926,1202,0
1774171,320,1
1775394,2612,0
1777864,3632,1
1778213,767,0
1778977,791,0
1779779,1145,0
1780921,959,0
1781668,3794,1
1781873,575,0
1782423,104,0
1782804,542,0
1783429,701,0
1783842,2033,1
1784155,2600,0
1785083,1109,1
1785627,281,1
1786462,542,1
1786746,1070,0
1787216,674,1
1787828,542,0
1788378,515,0
1788886,710,0
1789707,1010,0
1789712,2480,1
1790760,1034,1
1790891,542,0
1791180,338,1
1791430,1109,0
1792223,824,1
1792616,272,1
1792783,2108,0
1793627,788,1
1794424,800,1
1794902,1907,0
1795307,818,1
1796105,746,1
1796939,1253,0
1797044,965,1
1798045,1004,1
1798197,1640,0
1799319,1277,1
1799834,563,0
1800628,1052,1
1800653,167,0
1800890,518,0
1800956,338,1
1801477,1760,0
1801792,854,1
1803083,1262,1
1803423,452,0
1803545,452,1
1803860,284,1
1803950,1052,0
1805157,218,0
1805219,1355,1
1805359,509,0
1806087,629,0
1806307,1040,1
1806679,2153,0
1807186,779,1
1808167,899,1
1808851,446,0
1808899,317,1
1809036,149,1
1809420,2054,0
1810177,1013,1
1810592,299,1
1810982,275,1
1811506,458,0
1811660,500,1
1811948,224,1
1812060,662,0
1812250,302,1
1812474,224,1
1812746,275,1
1812895,413,0
1813353,317,0
1813728,1190,0
1815003,2267,1
1815013,278,0
1815288,329,0
1815708,659,0
1817088,1118,0
1818203,1793,0
1818338,2930,1
1819773,1034,1
1820015,707,0
1820719,587,0
1821303,398,0
1821545,1772,1
1821698,857,0
1822573,854,1
1822689,1544,0
1823705,1073,1
1824245,1136,0
1824452,743,1
1825061,509,1
1825264,203,1
1825394,92,0
1825561,293,1
1825566,1298,0
1826045,497,1
1826485,425,1
1826898,425,1
1826979,2180,0
1827043,173,1
1827473,467,1
1827918,452,1
1828620,635,1
1828964,347,1
1829179,446,0
1829613,1139,0
1829877,908,1
1830400,530,1
1830798,2096,0
1832456,2045,1
1832894,746,0
1832987,527,1
1833637,644,0
1834102,899,1
1834388,305,0
1835135,212,0
1835612,1190,1
1835633,212,0
1835811,233,0
1836143,518,1
1836149,1328,0
1836475,275,1
1836627,119,1
1837482,206,0
1837678,173,0
1837900,1073,0
1839045,2744,0
1839067,2447,1
1839561,479,1
1840724,1163,1
1841024,218,1
1841872,1028,0
1842658,1361,1
1842873,692,0
1843057,296,1
1843310,251,1
1843695,1172,0
1843896,332,1
1844809,722,1
1844867,2546,0
1846209,1403,1
1847410,599,0
1847621,1415,1
1848102,305,0
1848407,920,0
1849588,1259,0
1850699,3077,1
1851136,1241,0
1852415,227,0
1852663,596,0
1853463,236,0
1853632,173,0
1853822,3122,1
1853888,1328,0
1855069,1247,1
1855237,494,0
1855742,590,0
1856064,59,1
1856342,800,0
1856944,659,1
1857150,386,0
1857548,692,0
1857702,761,1
1858240,1148,0
1859619,638,0
1859639,1940,1
1860297,3962,0
1860322,671,1
1861944,1565,1
1862213,191,1
1863076,473,1
1863639,551,1
1864314,209,0
1864411,191,0
1864682,1508,0
1864881,732,1
1865820,314,1
1866258,284,1
1866265,209,0
1866560,137,0
1866733,830,0
1867621,1127,0
1868512,1820,1
1868754,1271,0
1869500,413,1
1869944,401,1
1870199,90,0
1870462,464,1
1870509,923,0
1871167,560,1
1871482,413,0
1871897,1325,0
1871903,545,1
1873215,2018,0
1873443,1540,1
1874716,1325,1
1875206,545,1
1875242,2423,0
1875938,325,1
1876327,230,1
1878129,1787,1
1878252,1358,0
1879651,1162,0
1879828,314,1
1880371,479,1
1880732,305,1
1881084,323,0
1881137,371,1
1881404,986,0
1883176,1817,1
1883266,938,0
1884000,563,1
1884259,737,0
1884626,623,1
1885015,404,1
1885020,554,0
1885676,491,0
1886231,833,0
1887091,416,0
1887532,389,0
1887926,650,0
1887936,2246,1
1888724,542,1
1888792,179,0
1888988,239,0
1889019,242,1
1889330,455,0
1889503,448,1
1889826,455,0
1889974,429,1
1890339,332,0
1890562,591,1
1890876,317,1
1890902,200,0
1891197,533,0
1891198,212,1
1891732,1421,0
1891910,671,1
1892901,857,1
1893161,1157,0
1894363,143,0
1894510,158,0
1894712,1535,0
1896240,2543,0
1896257,3317,1
1897216,641,1
1897889,581,1
1898956,227,0
1899184,374,0
1899641,1226,0
1899764,1853,1
1901039,920,0
1901621,1583,1
1902184,1052,0
1903278,575,0
1903419,1139,1
1903857,566,0
1903868,443,1
1904684,140,0
1904845,1118,0
1906033,2162,1
1906078,254,0
1906622,245,0
1906941,1046,0
1906965,839,1
1907456,488,1
1908093,560,0
1908670,1217,1
1908787,647,0
1909498,1208,0
1909862,1217,1
1910619,746,1
1910942,584,0
1911183,548,1
1911537,647,0
1912186,923,0
1912330,1121,1
1913219,1535,0
1913298,965,1
1913780,479,1
1914794,416,0
1915000,1223,1
1915215,293,0
1915584,659,0
1916399,416,0
1916439,1436,1
1916819,404,0
1917235,695,0
1917955,1208,0
1918002,1370,1
1919183,755,0
1919450,1394,1
1920110,782,0
1920930,1478,1
1920945,698,0
1921655,1097,0
1922485,1280,1
1922752,941,0
1923702,1220,1
1923759,1643,0
1925107,1394,1
1925414,953,0
1926260,995,1
1926564,3185,0
1927396,893,1
1927735,302,1
1928322,602,1
1929107,782,1
1929884,320,0
1930322,959,0
1930696,1070,1
1931393,584,0
1931931,1175,1
1932176,521,0
1932749,173,0
1933003,1070,0
1933009,1097,1
1934135,1151,1
1934141,953,0
1934967,824,1
1935110,929,0
1936052,734,0
1936485,1406,1
1936997,236,0
1937321,1241,0
1937900,1166,1
1938682,809,0
1938970,1004,1
1939232,92,1
1939494,1022,0
1940356,980,1
1940506,641,0
1941063,611,1
1941144,1004,0
1941833,776,1
1942159,797,0
1942552,737,1
1943142,590,1
1943251,1433,0
1944209,1067,1
1944744,2189,0
1945279,1070,1
1946580,1304,1
1947267,359,0
1947485,899,1
1947615,125,1
1947629,377,0
1947681,50,1
1948020,641,0
1948642,824,0
1948932,824,1
1949477,1025,0
1949907,929,1
1950525,542,0
1951475,1304,0
1951532,1358,1
1952751,221,0
1952769,1058,1
1953006,539,0
1953010,227,1
1953607,632,0
1954480,257,0
1954480,1427,1
1954820,962,0
1955835,1166,1
1955926,3446,0
1956427,473,1
1957684,1058,1
1958185,329,1
1958561,275,1
1958920,359,1
1959500,1073,0
1959599,545,1
1960339,743,1
1960835,1199,0
1961430,1079,1
1962027,701,0
1962427,932,1
1962728,1244,0
1963802,917,1
1964001,911,0
1964854,950,1
1964928,821,0
1965888,788,0
1966615,1487,1
1966673,461,0
1967192,1046,0
1967959,716,1
1968235,794,0
1969026,857,0
1969756,1454,1
1969867,1136,0
1970982,251,0
1971174,1316,1
1971253,1229,0
1972541,1052,1
1972628,1121,0
1973825,1460,0
1975285,671,0
1976124,1370,0
1977498,641,0
1978175,1106,0
1979335,461,0
1979806,653,0
1979906,7103,1
1980631,1250,0
1981166,797,1
1981895,242,1
1981984,323,0
1982448,530,1
1983003,404,0
1983441,650,1
1983628,731,0
1984333,635,1
1984564,1211,0
1985338,1004,1
1985860,413,1
1986089,236,0
1986368,272,0
1986664,671,1
1986669,266,0
1987048,248,0
1987628,1523,0
1988022,1358,1
1988981,851,1
1989283,218,0
1989492,350,1
1989506,143,0
1989901,209,0
1990227,2321,0
1990817,1244,1
1991720,365,1
1992455,695,1
1992605,329,0
1992944,344,0
1993290,173,0
1993564,185,0
1993765,443,0
1993940,1418,1
1994224,214,0
1994391,470,1
1994580,266,0
1994850,812,0
1995300,920,1
1995686,695,0
1996390,917,1
1996521,227,0
1996651,182,1
1996901,368,0
1996968,188,1
1997389,401,0
1998032,293,0
1998397,659,0
1998583,1694,1
1999133,461,0
1999395,815,1
1999801,910,0
1999920,227,1
2000096,188,1
2000271,242,1
2000938,623,1
2001084,419,0
2001503,1268,0
2002013,785,1
2002291,269,1
2002817,530,0
2003038,737,1
2003403,365,1
2003493,1541,0
2003819,413,1
2004820,1004,1
2005256,719,0
2005289,464,1
2006027,1532,0
2006521,1127,1
2006961,443,1
2007889,1298,0
2008353,1373,1
2009039,686,1
2009197,1070,0
2010027,995,1
2010653,1736,0
2011678,1658,1
2012207,314,1
2012379,252,1
2012484,914,0
2013268,668,1
2013371,188,0
2013498,611,0
2013608,233,1
2014111,734,0
2014810,1205,1
2014997,188,1
2015046,254,0
2015410,413,1
2015478,440,0
2015997,1697,0
2016931,1487,1
2017374,365,1
2017639,215,0
2017784,410,1
2018014,1418,0
2019211,1412,1
2019443,632,0
2020086,1070,0
2020944,1478,1
2021384,1919,0
2021828,719,1
2022425,551,1
2023313,800,1
2023403,2867,0
2024404,986,1
2025087,668,1
2025836,752,1
2026376,182,0
2026615,179,0
2026788,722,1
2027039,1091,0
2027079,224,1
2028194,656,1
2028247,584,0
2029109,278,0
2029442,1679,0
2030023,1832,1
2030628,548,1
2031246,947,0
2031942,665,1
2032344,851,0
2033195,623,0
2033215,1211,1
2033645,239,1
2034032,1256,0
2034180,497,1
2034674,323,1
2035022,86,1
2035330,1082,0
2035388,251,1
2035970,503,1
2036412,833,0
2036681,215,1
2037242,392,0
2037638,809,0
2037756,989,1
2038483,854,0
2039340,1514,1
2039486,107,0
2039634,185,0
2040021,167,0
2040341,986,1
2040557,107,0
2040693,197,0
2041069,1100,0
2041308,800,1
2042439,230,0
2042707,1424,1
2042827,695,0
2043142,428,1
2043566,353,0
2044104,1394,0
2044272,350,1
2044853,578,1
2045499,650,0
2045867,887,1
2046142,1796,0
2046790,926,1
2047964,218,0
2048277,1391,0
2048759,1964,1
2049283,503,1
2050061,3743,0
2051089,1661,1
2052736,1601,1
2053615,860,1
2053801,1538,0
2054667,1049,1
2055071,389,1
2055336,710,0
2055726,644,1
2056046,677,0
2057076,1148,1
2057448,842,0
2058340,458,0
2058911,905,0
2059147,2078,1
2059539,392,1
2059908,1013,0
2060147,488,1
2061123,908,0
2062057,1733,1
2062175,413,0
2062270,179,1
2062839,566,1
2063193,617,0
2063599,746,1
2064096,1328,0
2065087,1100,1
2065550,2675,0
2067541,2429,1
2067819,287,1
2068702,647,0
2068791,980,1
2069030,224,1
2069507,296,0
2069956,971,1
2070087,1631,0
2070696,743,1
2071132,395,1
2071532,347,1
2071804,920,0
2072594,569,1
2072739,908,0
2073659,1013,0
2073795,662,1
2074669,1004,0
2075100,941,1
2075396,290,1
2075578,185,1
2075726,329,0
2076012,296,1
2076090,1460,0
2076437,425,1
2076922,323,1
2077582,284,0
2077921,1253,0
2078129,710,1
2078363,209,1
2079473,296,0
2079993,719,0
2080508,2048,1
2080752,398,0
2081255,539,0
2081439,773,1
2081824,743,0
2082595,89,0
2082924,638,0
2082977,1523,1
2083522,494,1
2083622,506,0
2084085,566,1
2084174,500,0
2084760,179,0
2085320,806,0
2086126,1193,0
2086167,1772,1
2086737,452,1
2087331,1361,0
2087506,740,1
2088062,521,1
2088666,602,1
2088693,1595,0
2088802,65,1
2089552,611,1
2090288,1562,0
2090571,1010,1
2091503,785,1
2091942,44,0
2092124,881,0
2092255,755,1
2093002,620,0
2093266,932,1
2093723,872,0
2094604,1322,1
2094635,590,0
2095222,758,0
2095695,971,1
2096200,1049,0
2097269,1442,1
2097285,251,0
2097581,212,0
2097916,2597,0
2098266,869,1
2100079,1475,1
2100522,140,0
2100723,974,0
2101992,164,0
2102125,1811,1
2102159,167,0
2102463,182,0
2102699,2675,0
2102803,641,1
2104037,1178,1
2104461,290,1
2104884,356,1
2105438,590,0
2105870,659,1
2106077,182,1
2106198,764,0
2107111,308,0
2107426,1169,0
2108139,2060,1
2108788,737,0
2108798,662,1
2109478,656,1
2109525,326,0
2109810,230,1
2109977,218,0
2110323,374,1
2110464,749,0
2111199,872,1
2111303,173,0
2111553,341,1
2111623,1985,0
2112605,656,1
2112881,275,1
2113138,236,1
2113662,104,0
2113844,1934,0
2114695,1439,1
2115846,1127,0
2117117,788,0
2117408,2633,1
2118275,353,0
2118660,1283,1
2118696,806,0
2119287,497,1
2119504,992,0
2120082,698,1
2120496,890,0
2121373,965,0
2122150,2048,1
2122335,1643,0
2123223,881,1
2124021,200,0
2124291,245,0
2124642,1373,1
2124670,1385,0
2125610,791,1
2125992,239,1
2126294,143,1
2126358,1418,0
2126656,287,1
2127364,206,1
2127469,143,1
2127691,209,1
2127988,764,0
2128666,809,1
2128779,557,0
2129229,566,1
2129443,182,0
2129471,245,1
2129611,1487,0
2130116,458,1
2131022,851,1
2131100,1280,0
2131835,800,1
2132418,1265,0
2132869,971,1
2133034,194,1
2133344,209,1
2133803,977,0
2134888,1556,1
2134947,668,0
2135669,224,0
2135893,359,0
2136261,221,0
2136490,1598,1
2136557,314,0
2137084,1679,0
2137985,1364,1
2138747,578,1
2138777,1292,0
2140090,881,0
2140112,1361,1
2140365,179,1
2140844,359,1
2140958,842,0
2141551,344,1
2141831,1052,0
2142901,788,0
2143593,1910,1
2143699,1055,0
2144346,695,1
2144751,2267,0
2144967,581,1
2146857,1685,1
2147015,659,0
2147688,1082,0
2148054,1127,1
2148815,905,0
2149073,965,1
2149831,998,0
2150253,1124,1
2150984,1397,0
2151895,1610,1
2152378,1061,0
2153231,1085,1
2153587,1541,0
2154257,923,1
2155022,638,1
2155172,506,0
2155554,359,1
2155745,194,1
2155797,965,0
2156006,230,1
2156192,185,1
2156737,728,0
2157408,1148,1
2157775,650,0
2157883,248,1
2158016,74,1
2158117,98,1
2158431,932,0
2159175,1025,1
2159363,920,0
2159612,254,1
2159981,347,1
2160421,899,0
2161217,1181,1
2161657,1613,0
2162135,821,1
2162538,446,1
2162812,152,1
2163316,503,1
2163321,1031,0
2164596,257,0
2164849,1490,1
2164903,950,0
2166005,752,0
2166505,1475,1
2166952,515,0
2167478,1526,0
2167935,1283,1
2168934,194,0
2169041,1445,0
2169982,1934,1
2170486,1310,0
2171164,746,1
2171972,908,0
2172108,854,1
2173043,884,1
2173210,563,0
2173794,1232,0
2174122,995,1
2174877,413,1
2175191,272,1
2175281,983,0
2175993,641,1
2176539,173,0
2176742,1373,0
2177020,1016,1
2178244,935,0
2179043,1856,1
2179150,164,1
2179231,1235,0
2179755,551,1
2179930,149,1
2180468,215,0
2180762,209,0
2180915,1043,1
2180964,194,0
2181215,809,0
2182017,2591,0
2182881,1961,1
2184049,1040,1
2184710,275,0
2185060,170,0
2185230,233,0
2185509,1343,1
2185667,191,0
2185893,488,0
2186017,272,1
2186378,155,0
2186390,407,1
2186544,134,0
2186933,419,0
2187097,620,1
2187453,281,0
2187718,425,0
2188215,1070,0
2188413,1307,1
2189133,653,1
2189326,422,0
2190083,2003,0
2190668,1535,1
2191807,1166,1
2192031,159,0
2192150,1277,0
2192365,548,1
2193072,707,1
2193558,881,0
2193763,677,1
2194436,692,0
2194478,710,1
2195140,1199,0
2195451,806,1
2195766,227,1
2196620,224,0
2197063,338,0
2197117,1220,1
2198148,1034,1
2198215,599,0
2198814,290,0
2199101,542,0
2199623,1478,1
2200065,212,0
2200688,428,0
2200963,1343,1
2201288,374,0
2201914,215,0
2201924,968,1
2202129,497,0
2202657,98,0
2202739,485,1
2202843,185,0
2203225,1457,0
2203517,575,1
2204364,887,1
2204621,281,0
2204820,788,0
2205421,827,1
2205601,932,0
2205961,338,1
2206239,260,1
2206511,209,0
2206580,320,1
2206724,1094,0
2207799,1301,0
2208023,1358,1
2208424,350,1
2209103,1406,0
2209274,842,1
2210493,1112,0
2210731,1352,1
2211502,758,1
2211710,764,0
2211832,278,1
2212573,1139,0
2212804,980,1
2213935,395,0
2214330,383,0
2214714,380,0
2215091,392,0
2215300,2261,1
2215510,962,0
2215746,263,1
2216391,356,1
2216533,449,0
2216839,377,1
2217090,200,0
2217456,3233,0
2218234,1391,1
2218957,590,1
2219788,668,1
2220471,536,1
2220682,338,0
2221020,698,0
2221372,860,1
2221724,743,0
2221768,290,1
2222365,647,0
2222798,929,1
2223073,3398,0
2223843,758,1
2224003,107,1
2226076,1897,1
2226538,599,0
2227202,3074,0
2228528,1928,1
2229074,542,1
2229368,197,1
2229777,356,1
2230276,575,0
2230949,590,0
2231210,983,1
2231856,233,0
2233048,434,0
2233612,2387,1
2233623,1133,0
2233916,299,1
2234883,179,0
2234997,980,1
2235123,3524,0
2235611,551,1
2236360,749,1
2236902,464,1
2237862,713,1
2238921,266,0
2239184,422,0
2239361,1436,1
2239556,191,1
2239717,989,0
2240734,1046,1
2240914,2639,0
2241723,833,1
2242002,167,1
2243550,185,0
2243743,326,0
2244241,905,0
2244434,2378,1
2245382,1499,0
2246137,1646,1
2246487,293,1
2246939,2273,0
2247773,1289,1
2248767,938,1
2249460,2045,0
2249551,764,1
2249764,176,1
2250778,911,1
2251790,929,0
2251972,1151,1
2252731,287,0
2253027,746,0
2253581,1595,1
2253788,497,0
2254293,1070,0
2254483,758,1
2255360,767,0
2255380,866,1
2256127,788,0
2256657,1265,1
2256917,1427,0
2258098,1214,1
2258334,422,0
2258554,356,1
2258756,1205,0
2259988,1313,0
2260095,1112,1
2260441,205,1
2261402,950,0
2262334,590,0
2263156,860,0
2263540,3056,1
2263947,410,1
2264080,2306,0
2264235,269,1
2265152,368,1
2266557,605,0
2266648,1487,1
2267162,896,0
2267404,746,1
2268074,1757,0
2268650,1271,1
2269845,1292,0
2269867,1220,1
2270296,416,1
2271188,605,0
2271449,1004,1
2271748,236,1
2271994,3902,0
2273471,1412,1
2274237,209,1
2275319,626,1
2276168,800,0
2277165,1439,0
2277442,2102,1
2278093,647,1
2278646,1001,0
2278825,668,1
2279607,785,1
2279836,530,0
2280423,812,1
2280611,173,0
2280856,149,0
2281404,1640,0
2282039,1604,1
2282470,305,1
2283082,923,0
2284222,1343,0
2284299,1256,1
2285562,197,0
2285713,1373,1
2285790,1655,0
2286569,641,1
2287366,203,0
2287585,224,0
2287757,1148,1
2287872,536,0
2288403,980,0
2289259,1211,1
2289507,992,0
2290304,932,1
2290496,593,0
2291326,1025,1
2291392,668,0
2291538,224,1
2291714,89,1
2292078,506,0
2292592,1208,0
2293049,1169,1
2293776,581,1
2293840,1214,0
2294719,815,1
2295107,536,0
2295401,347,1
2295716,1961,0
2297769,230,0
2298221,176,0
2298443,416,0
2298938,1406,0
2300068,4616,1
2300589,1145,0
2300808,647,1
2301318,407,1
2301752,1013,0
2302496,1097,1
2302766,941,0
2303132,599,1
2303474,239,1
2303697,794,0
2304419,896,1
2304513,1424,0
2305021,521,1
2306034,95,0
2306126,214,0
2306275,221,0
2306582,233,0
2306816,449,0
2307034,2012,1
2307262,518,0
2307773,188,0
2307891,857,1
2307961,1037,0
2308130,236,1
2308765,434,1
2309196,665,0
2309279,467,1
2309897,2102,0
2310662,1109,1
2311089,329,1
2311804,656,1
2311914,179,0
2312033,125,0
2312241,1061,0
2313207,1274,1
2313417,1499,0
2314129,863,1
2314778,605,1
2315183,617,0
2315876,212,0
2316386,1502,1
2316869,200,1
2316909,2108,0
2317632,635,1
2318327,695,1
2318951,620,1
2319084,4207,0
2320013,1058,1
2322140,2126,1
2322711,578,1
2323276,197,0
2323292,581,1
2323489,209,0
2323720,98,0
2323809,440,1
2324110,215,1
2324206,909,0
2324294,263,1
2324508,125,1
2325255,1162,0
2325791,1040,1
2326484,374,0
2326827,1001,1
2327076,242,0
2327399,4262,0
2328103,1172,1
2329705,1592,1
2330908,1028,1
2331673,449,0
2331787,767,1
2332383,804,0
2332606,590,1
2333207,227,0
2333438,569,0
2334180,845,0
2334806,1811,1
2335121,893,0
2336093,680,0
2336176,1373,1
2336770,695,0
2337465,1544,0
2337480,1265,1
2339006,3740,0
2339033,1508,1
2340309,1175,1
2342154,1646,1
2342828,1388,0
2343699,1403,1
2344540,1332,0
2344625,929,1
2345896,290,0
2346002,1301,1
2346445,881,0
2346725,719,1
2347189,335,1
2347558,3047,0
2347908,722,1
2349327,1382,1
2349440,134,1
2350457,944,1
2350618,884,0
2351495,653,0
2352199,284,0
2352513,1532,1
2352630,1010,0
2353774,1697,0
2353912,1388,1
2354971,1034,1
2355628,137,0
2355748,365,1
2355867,215,0
2356030,176,0
2356064,329,1
2356428,431,0
2356915,926,0
2356924,821,1
2357107,83,1
2357535,335,1
2357779,98,1
2357834,986,0
2358817,896,0
2359185,1253,1
2359710,980,0
2360185,893,1
2361540,1220,1
2362360,695,1
2363605,1292,1
2364378,614,1
2365275,854,1
2365894,617,1
2368328,2423,1
2370815,2426,1
2371319,305,1
2372137,710,1
2372700,560,1
2373076,341,1
2373537,326,1
2373762,188,1
2374957,1214,1
2375988,1019,1
2377413,1367,1
2378962,1460,1
2379201,203,1
2380065,686,1
2380900,746,1
2381130,218,1
2383083,2046,1
2383162,116,1
2383646,518,1
2384314,392,1
2385459,890,1
2385773,95,1
2387087,1187,1
2388181,899,1
2388924,698,1
2389434,311,1
2390871,1322,1
2391210,311,1
2392939,1673,1
2394403,1439,1
2394678,218,1
2395093,383,1
2395547,434,1
2396424,665,1
2397639,1190,1
2398496,707,1
2398903,458,1
2399861,881,1
2401350,1388,1
2402340,926,1
2402699,359,1
2402988,150,1
2404256,947,1
2404338,131,1
2405934,1451,1
2406191,200,1
2407055,914,1
2407817,758,1
2408164,290,1
2409063,875,1
2410112,1022,1
2411116,992,1
2412144,1028,1
2413673,1535,1
2414875,953,1
2416546,1592,1
2422497,5420,1
2422972,266,1
2424294,1322,1
2424529,224,1
2424814,202,1
2425068,86,1
2425809,563,1
2426880,719,1
2429573,2651,1
2430117,530,1
2430633,503,1
2431607,914,1
2434220,2279,1
2434665,197,1
2435501,761,1
2437585,1682,1
2438794,1157,1
2440770,1685,1
2443180,2372,1
2446020,2795,1
2446200,194,1
2447782,1400,1
2449473,1535,1
2450923,1319,1
2452677,1382,1
2455101,2399,1
2455940,581,1
2457504,1550,1
